wine1.jpg, "Models" Alli and Andrea"
pinup.jpg, "Model: Chrissy"
Snowy_winter.jpg, "Photographer: Hardy Nance<br/>Model: Tygeria"
Queen.jpg, "Photographer: Hardy Nance<br/>Model:Lacy"
pink.jpg, "Photographer: Hardy Nance<br/>Model:Samantha"
cherry.jpg, "Photographer: Hardy Nance<br/>Model: Tygeria"
CAKE.jpg, "Model: Lucretia Gryffen"
eForest-horses-edit.jpg, "Model: Stacy Jayne"
Fantasyhaunted-castle.jpg, "Model: Angel Finistere"
FantasyMushrooms3.jpg, "Photographer: Rad Bosseman"
MMApocolypse.jpg, "Models: Angel and Crow Finistere"
