eIMG_2966andy.jpg, "Model: Andrea"
eIMG_2923alli.jpg, "Model: Alli"
eIMG_3012.jpg, "Models: Alli and Andrea"
eIMG_2634.jpg, "Model: Chrissy" 
eeIMG_2544.jpg, "Model: Chrissy"
eeIMG_2584.jpg, "Model: Ohtee"
eIMG_2797.jpg, "Model: Ohtee"
eIMG_2130.jpg, "Model: Ashley Knilans"
e2IMG_2309.jpg, "Model: Ashley Knilans"
2eIMG_1803.jpg, "Model: Stacy Jayne"
e2IMG_1759.jpg, "Model: Stacy Jayne"
eIMG_1717.jpg, "Model: Agustina"
eIMG_1569.jpg, "Model: Lucretia Gryffen"
eIMG_1332.jpg, "Model: Yara Becerra"
e2IMG_1356.jpg, "Model: Yara Becerra"
porteIMG_0119.jpg, "Model: Caleb Davis"
porIMG_0172e.jpg, "Model: Angel Finistere"
EExIMG_0182.jpg, "Model: Angel Finistere"