l_r1014 238Ae.jpg, "Photographer: BCG Photo"
l_r1014 232A.jpg, "Photographer: BCG Photo"
ModelIMG_5063e.jpg, "Photographer: Hardy Nance"
ModelIMG_6741e.jpg, "Photographer: Hardy Nance"
ModeleDSC_0041.jpg, "Photographer: James Hartzell"
ModeleDSC_0292.jpg, "Photographer: James Hartzell"
ModeleDSC_2798.NEF.jpg, "Photographer: Eric (Westside Photo)"
ModeleRAD_1572.jpg, "Photographer: Rad Bosseman"
Modelr2eDSC_0013.jpg, "Photographer: James Hartzell"
modele_MG_4559.jpg, "Photographer: Hardy Nance"
brendanmarch.jpg, "Photographer: Brendan Barry"
eDSC_0109.jpg, "Photographer: James Hartzell"
eDSC_0189.jpg, "Photographer: James Hartzell"
s16a.jpg, "Photographer: Hardy Nance"
modelladder 2e.jpg, "Photographer: Richard S"